,team,confederation,total_matches,neutral_matches,neutral_matches_wins,neutral_matches_losses,neutral_matches_draws,neutral_matches_goal_scored,neutral_matches_goal_conceded,home_matches,home_matches_wins,home_matches_losses,home_matches_draws,home_matches_goal_scored,home_matches_goal_conceded,away_matches,away_matches_wins,away_matches_losses,away_matches_draws,away_matches_goal_scored,away_matches_goal_conceded,color,tot_wins,tot_losses,tot_draws,home_win_rate,away_win_rate,neutral_win_rate,tot_goal_scored,tot_goal_conceded,goal_scored_rate,goal_conceded_rate,home_goal_scored_rate,away_goal_scored_rate,neutral_goal_scored_rate,home_goal_conceded_rate,away_goal_conceded_rate,neutral_goal_conceded_rate
1,Albania,UEFA,341,23,8,10,5,24,29,158,58,63,37,178,179,160,24,107,29,115,319,aliceblue,26.392961876832842,52.785923753665685,20.821114369501466,36.708860759493675,15.0,34.78260869565217,317,527,0.9296187683284457,1.5454545454545454,1.1265822784810127,1.1125,1.0434782608695652,1.1329113924050633,1.11875,1.2608695652173914
2,Algeria,CAF,508,140,56,46,38,196,147,190,122,25,43,381,143,178,41,78,59,145,223,antiquewhite,43.110236220472444,29.330708661417322,27.559055118110237,64.21052631578948,23.03370786516854,40.0,722,513,1.421259842519685,1.0098425196850394,2.0052631578947366,2.140449438202247,1.4,0.7526315789473684,0.8033707865168539,1.05
5,Angola,CAF,348,85,22,30,33,90,103,120,67,17,36,181,89,143,29,62,52,118,180,aqua,33.90804597701149,31.321839080459768,34.770114942528735,55.833333333333336,20.27972027972028,25.882352941176475,389,372,1.117816091954023,1.0689655172413792,1.5083333333333333,1.2657342657342658,1.0588235294117647,0.7416666666666667,0.6223776223776224,1.2117647058823529
8,Argentina,CONMEBOL,991,272,164,53,55,577,289,335,220,31,84,716,259,384,147,128,109,550,488,aquamarine,53.58224016145308,21.39253279515641,25.02522704339051,65.67164179104478,38.28125,60.29411764705882,1843,1036,1.8597376387487385,1.0454086781029264,2.1373134328358208,1.8645833333333333,2.1213235294117645,0.7731343283582089,0.6744791666666666,1.0625
11,Australia,AFC,509,110,55,30,25,233,125,214,119,54,41,495,238,185,76,63,46,287,201,azure,49.115913555992144,28.880157170923383,22.00392927308448,55.60747663551402,41.08108108108108,50.0,1015,564,1.994106090373281,1.1080550098231827,2.3130841121495327,2.675675675675676,2.118181818181818,1.1121495327102804,1.2864864864864864,1.1363636363636365
12,Austria,UEFA,798,45,14,22,9,57,71,398,206,116,76,801,517,355,113,156,86,559,664,beige,41.72932330827068,36.84210526315789,21.428571428571427,51.75879396984925,31.83098591549296,31.11111111111111,1417,1252,1.7756892230576442,1.568922305764411,2.012562814070352,2.256338028169014,1.2666666666666666,1.2989949748743719,1.4563380281690141,1.5777777777777777
15,Bahrain,AFC,488,190,63,73,54,232,243,175,71,53,51,246,184,123,28,60,35,110,195,bisque,33.19672131147541,38.114754098360656,28.688524590163933,40.57142857142857,22.76422764227642,33.1578947368421,588,622,1.2049180327868851,1.2745901639344261,1.4057142857142857,2.0,1.2210526315789474,1.0514285714285714,1.4959349593495934,1.2789473684210526
17,Barbados,CONCACAF,235,41,14,22,5,64,81,114,47,33,34,156,132,80,19,47,14,81,170,black,34.04255319148936,43.40425531914894,22.5531914893617,41.228070175438596,23.75,34.146341463414636,301,383,1.2808510638297872,1.6297872340425532,1.368421052631579,1.95,1.5609756097560976,1.1578947368421053,1.65,1.975609756097561
19,Belgium,UEFA,778,71,32,24,15,109,90,375,201,101,73,788,503,332,110,145,77,493,608,blanchedalmond,44.087403598971726,34.70437017994858,21.20822622107969,53.6,33.13253012048193,45.07042253521127,1390,1201,1.7866323907455013,1.5437017994858613,2.1013333333333333,2.3734939759036147,1.5352112676056338,1.3413333333333333,1.5150602409638554,1.267605633802817
24,Bolivia,CONMEBOL,469,127,10,85,32,80,306,163,76,42,45,279,192,179,17,125,37,127,411,blue,21.961620469083158,53.73134328358209,24.307036247334754,46.62576687116564,9.497206703910614,7.874015748031496,486,909,1.0362473347547974,1.9381663113006398,1.7116564417177915,1.558659217877095,0.6299212598425197,1.177914110429448,1.0726256983240223,2.409448818897638
26,Botswana,CAF,264,37,8,18,11,42,54,125,45,45,35,106,121,102,11,59,32,50,172,blueviolet,24.242424242424242,46.21212121212121,29.545454545454547,36.0,10.784313725490197,21.62162162162162,198,347,0.75,1.3143939393939394,0.848,1.0392156862745099,1.135135135135135,0.968,1.1862745098039216,1.4594594594594594
27,Brazil,CONMEBOL,991,328,217,56,55,746,300,346,253,23,70,875,261,317,163,79,75,544,331,brown,63.87487386478304,15.943491422805248,20.181634712411707,73.121387283237,51.419558359621455,66.15853658536585,2165,892,2.1846619576185673,0.900100908173562,2.5289017341040463,2.7602523659305995,2.274390243902439,0.7543352601156069,0.8233438485804416,0.9146341463414634
29,Bulgaria,UEFA,663,69,21,29,19,77,113,254,128,67,59,462,290,340,96,160,84,395,582,burlywood,36.95324283559578,38.612368024132735,24.43438914027149,50.39370078740157,28.235294117647058,30.434782608695656,934,985,1.4087481146304677,1.4856711915535445,1.8188976377952757,1.3588235294117648,1.1159420289855073,1.141732283464567,0.8529411764705882,1.6376811594202898
30,Burkina Faso,CAF,390,92,27,40,25,104,124,118,63,19,36,187,110,180,33,99,48,153,299,cadetblue,31.538461538461537,40.51282051282051,27.94871794871795,53.38983050847458,18.333333333333332,29.347826086956523,444,533,1.1384615384615384,1.3666666666666667,1.5847457627118644,1.038888888888889,1.1304347826086956,0.9322033898305084,0.6111111111111112,1.3478260869565217
34,Cameroon,CAF,533,186,76,52,58,243,203,145,92,15,38,260,98,202,62,69,71,227,253,chartreuse,43.151969981238274,25.515947467166978,31.33208255159475,63.44827586206897,30.693069306930692,40.86021505376344,730,554,1.3696060037523452,1.0393996247654784,1.793103448275862,1.2871287128712872,1.3064516129032258,0.6758620689655173,0.48514851485148514,1.0913978494623655
35,Canada,CONCACAF,376,96,41,33,22,151,109,114,53,39,22,158,129,166,41,85,40,146,271,chocolate,35.90425531914894,41.755319148936174,22.340425531914892,46.49122807017544,24.69879518072289,42.70833333333333,455,509,1.2101063829787233,1.3537234042553192,1.3859649122807018,0.9518072289156626,1.5729166666666667,1.131578947368421,0.7771084337349398,1.1354166666666667
39,Chile,CONMEBOL,769,205,70,92,43,270,327,290,165,67,58,580,318,274,59,151,64,246,459,coral,38.23146944083225,40.31209362808843,21.456436931079324,56.896551724137936,21.532846715328464,34.146341463414636,1096,1104,1.4252275682704811,1.435630689206762,2.0,2.116788321167883,1.3170731707317074,1.096551724137931,1.1605839416058394,1.5951219512195123
40,China PR,AFC,574,168,80,53,35,317,182,219,128,42,49,456,216,187,63,74,50,233,224,cornflowerblue,47.21254355400697,29.442508710801395,23.34494773519164,58.44748858447488,33.68983957219251,47.61904761904761,1006,622,1.7526132404181185,1.083623693379791,2.0821917808219177,2.4385026737967914,1.8869047619047619,0.9863013698630136,1.1550802139037433,1.0833333333333333
41,Colombia,CONMEBOL,562,202,82,69,51,253,268,158,83,40,35,241,138,202,53,79,70,197,258,cornsilk,38.79003558718861,33.45195729537366,27.75800711743772,52.53164556962025,26.237623762376238,40.5940594059406,691,664,1.2295373665480427,1.1814946619217082,1.5253164556962024,1.193069306930693,1.2524752475247525,0.8734177215189873,0.6831683168316832,1.3267326732673268
43,Congo,CAF,373,72,32,27,13,100,92,144,67,36,41,218,147,157,29,86,42,151,270,crimson,34.316353887399465,39.946380697050934,25.737265415549597,46.52777777777778,18.471337579617835,44.44444444444444,469,509,1.257372654155496,1.3646112600536193,1.5138888888888888,1.3885350318471337,1.3888888888888888,1.0208333333333333,0.9363057324840764,1.2777777777777777
46,Costa Rica,CONCACAF,610,179,77,56,46,299,209,202,127,29,46,433,156,229,51,113,65,247,356,cyan,41.80327868852459,32.459016393442624,25.73770491803279,62.87128712871287,22.270742358078603,43.01675977653631,979,721,1.6049180327868853,1.181967213114754,2.1435643564356437,1.8908296943231442,1.670391061452514,0.7722772277227723,0.6812227074235808,1.1675977653631284
47,Croatia,UEFA,336,58,26,19,13,87,67,134,89,13,32,289,101,144,60,41,43,205,178,darkblue,52.083333333333336,21.726190476190478,26.190476190476193,66.4179104477612,41.66666666666667,44.827586206896555,581,346,1.7291666666666667,1.0297619047619047,2.156716417910448,2.0069444444444446,1.5,0.753731343283582,0.7013888888888888,1.1551724137931034
50,Cyprus,UEFA,375,7,1,4,2,4,12,208,56,108,44,228,350,160,14,130,16,93,457,darkcyan,18.933333333333334,64.53333333333333,16.53333333333333,26.923076923076923,8.75,14.285714285714285,325,819,0.8666666666666667,2.184,1.0961538461538463,1.425,0.5714285714285714,1.6826923076923077,2.1875,1.7142857142857142
51,Czech Republic,UEFA,315,53,25,21,7,83,69,124,84,24,16,279,100,138,60,40,38,198,144,darkgoldenrod,53.65079365079365,26.984126984126984,19.365079365079367,67.74193548387096,43.47826086956522,47.16981132075472,560,313,1.7777777777777777,0.9936507936507937,2.25,2.0217391304347827,1.5660377358490567,0.8064516129032258,0.7246376811594203,1.3018867924528301
52,Czechoslovakia,UEFA,477,43,15,19,9,62,63,188,119,25,44,474,216,246,81,107,58,352,383,darkgray,45.073375262054505,31.656184486373167,23.270440251572328,63.297872340425535,32.926829268292686,34.883720930232556,888,662,1.8616352201257862,1.3878406708595388,2.521276595744681,1.9268292682926829,1.441860465116279,1.148936170212766,0.8780487804878049,1.4651162790697674
53,CÃ´te d'Ivoire,CAF,571,177,84,50,43,266,200,191,133,18,40,415,141,203,67,74,62,232,249,darkgreen,49.73730297723292,24.86865148861646,25.39404553415061,69.63350785340315,33.004926108374384,47.45762711864407,913,590,1.5989492119089317,1.0332749562171628,2.1727748691099475,2.044334975369458,1.502824858757062,0.7382198952879581,0.6945812807881774,1.1299435028248588
54,Denmark,UEFA,807,67,26,24,17,93,89,376,212,91,73,836,444,364,128,155,81,519,564,darkgrey,45.353159851301115,33.457249070631974,21.189591078066915,56.38297872340425,35.16483516483517,38.80597014925373,1448,1097,1.7942998760842628,1.359355638166047,2.223404255319149,2.2967032967032965,1.3880597014925373,1.1808510638297873,1.2197802197802199,1.328358208955224
58,Ecuador,CONMEBOL,522,174,37,91,46,196,338,164,88,36,40,282,169,184,31,111,42,158,342,darkkhaki,29.88505747126437,45.593869731800766,24.521072796934863,53.65853658536586,16.847826086956523,21.26436781609195,636,849,1.2183908045977012,1.6264367816091954,1.7195121951219512,1.5326086956521738,1.1264367816091954,1.0304878048780488,0.9184782608695652,1.9425287356321839
59,Egypt,CAF,622,171,83,48,40,289,170,250,165,41,44,506,193,201,57,71,73,197,247,darkmagenta,49.035369774919616,25.723472668810288,25.241157556270092,66.0,28.35820895522388,48.53801169590643,992,610,1.594855305466238,0.9807073954983923,2.024,2.517412935323383,1.6900584795321638,0.772,0.9601990049751243,0.9941520467836257
60,El Salvador,CONCACAF,511,206,63,92,51,216,296,151,84,41,26,310,176,154,24,95,35,105,276,darkolivegreen,33.46379647749511,44.61839530332681,21.91780821917808,55.62913907284768,15.584415584415584,30.582524271844658,631,748,1.2348336594911937,1.4637964774951076,2.052980132450331,2.012987012987013,1.0485436893203883,1.1655629139072847,1.1428571428571428,1.4368932038834952
61,England,UEFA,1025,108,42,33,33,151,112,459,296,63,100,1103,398,458,246,101,111,982,488,darkorange,56.975609756097555,19.21951219512195,23.804878048780488,64.4880174291939,53.7117903930131,38.88888888888889,2236,998,2.1814634146341465,0.9736585365853658,2.403050108932462,2.408296943231441,1.3981481481481481,0.8671023965141612,0.868995633187773,1.037037037037037
64,Estonia,UEFA,487,50,11,24,15,55,96,206,67,88,51,241,288,231,43,146,42,191,484,darkorchid,24.84599589322382,52.977412731006154,22.176591375770023,32.5242718446602,18.614718614718615,22.0,487,868,1.0,1.782340862422998,1.1699029126213591,1.0432900432900434,1.1,1.3980582524271845,1.2467532467532467,1.92
65,Ethiopia,CAF,353,71,19,35,17,87,123,164,83,38,43,277,148,118,24,78,16,121,260,darkred,35.69405099150141,42.77620396600567,21.529745042492916,50.609756097560975,20.33898305084746,26.76056338028169,485,531,1.3739376770538243,1.5042492917847026,1.6890243902439024,2.347457627118644,1.2253521126760563,0.9024390243902439,1.2542372881355932,1.732394366197183
68,Finland,UEFA,754,48,18,20,10,51,52,309,100,148,61,457,612,397,77,236,84,377,900,darksalmon,25.862068965517242,53.58090185676393,20.55702917771883,32.362459546925564,19.395465994962215,37.5,885,1564,1.1737400530503979,2.0742705570291777,1.4789644012944985,1.151133501259446,1.0625,1.9805825242718447,1.5415617128463477,1.0833333333333333
69,France,UEFA,847,95,45,26,24,154,112,435,256,92,87,878,467,317,124,123,70,482,526,darkseagreen,50.17709563164109,28.45336481700118,21.369539551357732,58.85057471264368,39.11671924290221,47.368421052631575,1514,1105,1.7874852420306966,1.3046044864226682,2.018390804597701,2.769716088328076,1.6210526315789473,1.0735632183908046,1.473186119873817,1.1789473684210525
70,Gabon,CAF,357,83,25,27,31,101,99,152,74,30,48,211,114,122,24,73,25,100,193,darkslateblue,34.45378151260504,36.41456582633053,29.13165266106443,48.68421052631579,19.672131147540984,30.120481927710845,412,406,1.1540616246498598,1.1372549019607843,1.388157894736842,1.7295081967213115,1.216867469879518,0.75,0.9344262295081968,1.1927710843373494
73,Germany,UEFA,964,151,84,34,33,288,182,424,266,70,88,1090,447,389,211,99,79,775,490,darkslategray,58.19502074688797,21.058091286307054,20.74688796680498,62.735849056603776,54.24164524421594,55.62913907284768,2153,1119,2.233402489626556,1.1607883817427387,2.5707547169811322,2.802056555269923,1.9072847682119205,1.054245283018868,1.1491002570694087,1.205298013245033
74,Ghana,CAF,601,193,93,50,50,274,186,172,111,16,45,374,126,236,80,90,66,322,305,darkslategrey,47.25457570715474,25.9567387687188,26.788685524126453,64.53488372093024,33.89830508474576,48.18652849740933,970,617,1.6139767054908485,1.026622296173045,2.1744186046511627,1.5847457627118644,1.4196891191709844,0.7325581395348837,0.5338983050847458,0.9637305699481865
76,Greece,UEFA,569,59,18,29,12,56,94,260,123,77,60,391,297,250,71,105,74,258,395,darkturquoise,37.258347978910365,37.08260105448154,25.65905096660808,47.30769230769231,28.4,30.508474576271187,705,786,1.2390158172231986,1.3813708260105448,1.5038461538461538,1.564,0.9491525423728814,1.1423076923076922,1.188,1.5932203389830508
79,Guatemala,CONCACAF,455,168,56,64,48,227,225,152,80,35,37,283,159,135,25,79,31,119,231,darkviolet,35.38461538461539,39.120879120879124,25.494505494505493,52.63157894736842,18.51851851851852,33.33333333333333,629,615,1.3824175824175824,1.3516483516483517,1.861842105263158,2.096296296296296,1.3511904761904763,1.0460526315789473,1.1777777777777778,1.3392857142857142
80,Guinea,CAF,468,154,54,51,49,205,193,121,81,12,28,235,82,193,38,96,59,195,300,deeppink,36.965811965811966,33.97435897435898,29.059829059829063,66.94214876033058,19.689119170984455,35.064935064935064,635,575,1.356837606837607,1.2286324786324787,1.9421487603305785,1.217616580310881,1.3311688311688312,0.6776859504132231,0.42487046632124353,1.2532467532467533
83,Haiti,CONCACAF,420,127,50,45,32,180,169,154,78,38,38,293,152,139,44,74,21,174,255,deepskyblue,40.95238095238095,37.38095238095238,21.666666666666668,50.649350649350644,31.654676258992804,39.37007874015748,647,576,1.5404761904761906,1.3714285714285714,1.9025974025974026,2.1079136690647484,1.4173228346456692,0.987012987012987,1.0935251798561152,1.330708661417323
84,Honduras,CONCACAF,517,182,77,59,46,286,223,173,99,26,48,302,125,162,33,84,45,172,286,dimgray,40.42553191489361,32.688588007736946,26.88588007736944,57.22543352601156,20.37037037037037,42.30769230769231,760,634,1.4700193423597678,1.2263056092843327,1.745664739884393,1.8641975308641976,1.5714285714285714,0.7225433526011561,0.7716049382716049,1.2252747252747254
85,Hong Kong,AFC,350,124,39,56,29,202,197,126,44,50,32,195,183,100,25,56,19,97,194,dimgrey,30.857142857142854,46.285714285714285,22.857142857142858,34.92063492063492,25.0,31.451612903225808,494,574,1.4114285714285715,1.64,1.5476190476190477,1.95,1.6290322580645162,1.4523809523809523,1.83,1.5887096774193548
86,Hungary,UEFA,931,64,30,22,12,134,91,424,239,90,95,981,517,443,165,179,99,776,787,dodgerblue,46.616541353383454,31.256713211600427,22.12674543501611,56.367924528301884,37.24604966139955,46.875,1891,1395,2.0311493018259936,1.498388829215897,2.313679245283019,2.214446952595937,2.09375,1.2193396226415094,1.1670428893905191,1.421875
87,IR Iran,AFC,496,161,73,40,48,274,146,183,125,21,37,422,108,152,72,37,43,208,145,firebrick,54.43548387096774,19.758064516129032,25.806451612903224,68.30601092896174,47.368421052631575,45.3416149068323,904,399,1.8225806451612903,0.8044354838709677,2.3060109289617485,2.776315789473684,1.7018633540372672,0.5901639344262295,0.7105263157894737,0.906832298136646
88,Iceland,UEFA,447,47,12,21,14,42,70,186,79,71,36,259,238,214,49,130,35,239,435,floralwhite,31.319910514541387,49.664429530201346,19.015659955257274,42.473118279569896,22.897196261682243,25.53191489361702,540,743,1.2080536912751678,1.662192393736018,1.39247311827957,1.2102803738317758,0.8936170212765957,1.2795698924731183,1.1121495327102804,1.4893617021276595
89,India,AFC,359,135,49,54,32,187,204,118,44,42,32,172,166,106,22,65,19,122,257,forestgreen,32.03342618384401,44.84679665738162,23.119777158774372,37.28813559322034,20.754716981132077,36.2962962962963,481,627,1.33983286908078,1.7465181058495822,1.4576271186440677,1.6226415094339623,1.385185185185185,1.4067796610169492,1.5660377358490567,1.511111111111111
90,Indonesia,AFC,487,200,76,86,38,344,312,160,76,52,32,298,220,127,22,79,26,133,308,fuchsia,35.728952772073924,44.558521560574945,19.71252566735113,47.5,17.322834645669293,38.0,775,840,1.591375770020534,1.7248459958932238,1.8625,2.3464566929133857,1.72,1.375,1.7322834645669292,1.56
92,Israel,UEFA,433,26,11,9,6,50,36,224,88,77,59,340,290,183,49,93,41,228,313,gainsboro,34.18013856812933,41.339491916859124,24.480369515011546,39.285714285714285,26.775956284153008,42.30769230769231,618,639,1.4272517321016167,1.4757505773672055,1.5178571428571428,1.8579234972677596,1.9230769230769231,1.2946428571428572,1.5846994535519126,1.3846153846153846
93,Italy,UEFA,816,141,61,35,45,189,154,375,252,32,91,815,277,300,124,85,91,408,350,ghostwhite,53.55392156862745,18.627450980392158,27.818627450980394,67.2,41.333333333333336,43.262411347517734,1412,781,1.7303921568627452,0.9571078431372549,2.1733333333333333,2.716666666666667,1.3404255319148937,0.7386666666666667,0.9233333333333333,1.0921985815602837
94,Jamaica,CONCACAF,535,127,41,54,32,146,181,206,109,46,51,341,190,202,52,114,36,203,365,gold,37.75700934579439,40.0,22.242990654205606,52.9126213592233,25.742574257425744,32.28346456692913,690,736,1.2897196261682242,1.3757009345794393,1.6553398058252426,1.688118811881188,1.1496062992125984,0.9223300970873787,0.9405940594059405,1.4251968503937007
95,Japan,AFC,615,215,96,68,51,397,277,254,144,54,56,489,245,146,53,60,33,180,188,goldenrod,47.642276422764226,29.593495934959353,22.76422764227642,56.69291338582677,36.3013698630137,44.651162790697676,1066,710,1.7333333333333334,1.1544715447154472,1.9251968503937007,3.3493150684931505,1.8465116279069766,0.9645669291338582,1.678082191780822,1.2883720930232558
96,Jordan,AFC,397,115,43,37,35,147,123,155,66,37,52,213,119,127,29,65,33,113,190,gray,34.76070528967254,35.012594458438286,30.22670025188917,42.58064516129032,22.83464566929134,37.391304347826086,473,432,1.1914357682619647,1.0881612090680102,1.3741935483870968,1.6771653543307086,1.2782608695652173,0.7677419354838709,0.937007874015748,1.0695652173913044
98,Kenya,CAF,601,142,52,57,33,188,197,230,117,53,60,358,263,229,41,126,62,220,390,green,34.94176372712147,39.267886855241265,25.79034941763727,50.8695652173913,17.903930131004365,36.61971830985916,766,850,1.2745424292845258,1.4143094841930117,1.5565217391304347,1.5633187772925765,1.323943661971831,1.1434782608695653,1.148471615720524,1.3873239436619718
100,Korea Republic,AFC,822,326,159,78,89,557,331,293,181,45,67,580,192,203,90,57,56,304,225,greenyellow,52.311435523114355,21.897810218978105,25.790754257907544,61.774744027303754,44.33497536945813,48.77300613496933,1441,748,1.7530413625304135,0.9099756690997567,1.9795221843003412,2.857142857142857,1.7085889570552146,0.6552901023890785,0.9458128078817734,1.0153374233128833
102,Kuwait,AFC,560,197,89,53,55,310,198,222,103,59,60,370,208,141,38,63,40,157,204,grey,41.07142857142857,31.25,27.67857142857143,46.3963963963964,26.95035460992908,45.17766497461929,837,610,1.4946428571428572,1.0892857142857142,1.6666666666666667,2.624113475177305,1.5736040609137056,0.9369369369369369,1.475177304964539,1.0050761421319796
104,Latvia,UEFA,408,51,18,19,14,64,61,160,58,64,38,211,232,197,41,111,45,223,383,honeydew,28.676470588235293,47.549019607843135,23.774509803921568,36.25,20.812182741116754,35.294117647058826,498,676,1.2205882352941178,1.6568627450980393,1.31875,1.0710659898477157,1.2549019607843137,1.45,1.1776649746192893,1.196078431372549
105,Lebanon,AFC,275,66,16,36,14,73,116,115,40,34,41,173,139,94,19,54,21,71,174,hotpink,27.27272727272727,45.09090909090909,27.636363636363637,34.78260869565217,20.212765957446805,24.242424242424242,317,429,1.1527272727272728,1.56,1.5043478260869565,1.8404255319148937,1.106060606060606,1.208695652173913,1.4787234042553192,1.7575757575757576
107,Liberia,CAF,250,30,8,19,3,30,41,116,51,29,36,133,103,104,10,76,18,59,206,indianred,27.6,49.6,22.8,43.96551724137931,9.615384615384617,26.666666666666668,222,350,0.888,1.4,1.146551724137931,1.2788461538461537,1.0,0.8879310344827587,0.9903846153846154,1.3666666666666667
108,Libya,CAF,336,83,32,23,28,121,79,125,71,22,32,215,114,128,17,85,26,82,214,indigo,35.714285714285715,38.69047619047619,25.595238095238095,56.8,13.28125,38.55421686746988,418,407,1.244047619047619,1.2113095238095237,1.72,1.6796875,1.4578313253012047,0.912,0.890625,0.9518072289156626
110,Lithuania,UEFA,379,49,16,21,12,60,84,137,49,60,28,159,190,193,39,124,30,177,412,ivory,27.440633245382585,54.089709762532976,18.46965699208443,35.76642335766424,20.207253886010363,32.6530612244898,396,686,1.0448548812664908,1.8100263852242744,1.1605839416058394,0.8238341968911918,1.2244897959183674,1.3868613138686132,0.9844559585492227,1.7142857142857142
111,Luxembourg,UEFA,404,13,2,10,1,9,31,222,26,162,34,156,512,169,10,144,15,83,539,khaki,9.405940594059405,78.21782178217822,12.376237623762377,11.711711711711711,5.9171597633136095,15.384615384615385,248,1082,0.6138613861386139,2.6782178217821784,0.7027027027027027,0.9230769230769231,0.6923076923076923,2.3063063063063063,3.029585798816568,2.3846153846153846
114,Malawi,CAF,535,98,39,27,32,123,99,251,109,68,74,340,249,186,30,106,50,150,351,lavender,33.271028037383175,37.570093457943926,29.1588785046729,43.42629482071713,16.129032258064516,39.795918367346935,613,699,1.1457943925233645,1.3065420560747663,1.3545816733067728,1.8279569892473118,1.2551020408163265,0.9920318725099602,1.3387096774193548,1.010204081632653
115,Malaysia,AFC,512,172,66,60,46,282,256,185,72,61,52,291,231,155,29,92,34,150,308,lavenderblush,32.6171875,41.6015625,25.78125,38.91891891891892,18.70967741935484,38.372093023255815,723,795,1.412109375,1.552734375,1.572972972972973,1.8774193548387097,1.6395348837209303,1.2486486486486486,1.4903225806451612,1.4883720930232558
117,Mali,CAF,503,159,65,53,41,213,181,154,88,25,41,248,117,190,47,95,48,178,279,lawngreen,39.761431411530815,34.39363817097416,25.844930417495032,57.14285714285714,24.736842105263158,40.88050314465409,639,577,1.2703777335984094,1.1471172962226641,1.6103896103896105,1.305263157894737,1.3396226415094339,0.7597402597402597,0.6157894736842106,1.1383647798742138
118,Malta,UEFA,404,24,6,15,3,20,55,216,35,134,47,175,383,164,10,134,20,61,478,lemonchiffon,12.623762376237623,70.04950495049505,17.326732673267326,16.203703703703702,6.097560975609756,25.0,256,916,0.6336633663366337,2.267326732673267,0.8101851851851852,1.0670731707317074,0.8333333333333334,1.7731481481481481,2.3353658536585367,2.2916666666666665
121,Mexico,CONCACAF,866,383,193,103,87,624,407,256,173,27,56,597,187,227,75,94,58,267,313,lightblue,50.92378752886836,25.86605080831409,23.21016166281755,67.578125,33.03964757709251,50.391644908616186,1488,907,1.71824480369515,1.0473441108545034,2.33203125,2.6299559471365637,1.629242819843342,0.73046875,0.8237885462555066,1.0626631853785902
126,Morocco,CAF,534,122,51,31,40,162,105,233,147,31,55,412,137,179,50,65,64,171,198,lightcoral,46.441947565543074,23.782771535580522,29.775280898876407,63.0901287553648,27.932960893854748,41.80327868852459,745,440,1.395131086142322,0.8239700374531835,1.7682403433476395,2.3016759776536313,1.3278688524590163,0.5879828326180258,0.7653631284916201,0.860655737704918
127,Mozambique,CAF,301,57,15,32,10,44,86,118,57,28,33,168,106,126,21,74,31,94,201,lightcyan,30.89700996677741,44.518272425249165,24.58471760797342,48.30508474576271,16.666666666666664,26.31578947368421,306,393,1.0166112956810631,1.3056478405315615,1.423728813559322,1.3333333333333333,0.7719298245614035,0.8983050847457628,0.8412698412698413,1.5087719298245614
131,Netherlands,UEFA,791,90,48,18,24,164,81,374,216,73,85,913,388,327,136,120,71,554,505,lightgoldenrodyellow,50.56890012642224,26.67509481668774,22.756005056890015,57.75401069518716,41.59021406727829,53.333333333333336,1631,974,2.061946902654867,1.2313527180783819,2.4411764705882355,2.7920489296636086,1.8222222222222222,1.0374331550802138,1.1865443425076452,0.9
133,New Zealand,OFC,353,81,28,40,13,113,127,110,59,31,20,253,154,162,53,79,30,230,280,lightgray,39.6600566572238,42.492917847025495,17.847025495750707,53.63636363636364,32.71604938271605,34.5679012345679,596,561,1.688385269121813,1.5892351274787535,2.3,1.5617283950617284,1.3950617283950617,1.4,0.9506172839506173,1.5679012345679013
136,Nigeria,CAF,576,179,80,55,44,247,191,180,121,13,46,376,110,217,66,76,75,229,272,lightgreen,46.35416666666667,25.0,28.645833333333332,67.22222222222223,30.414746543778804,44.6927374301676,852,573,1.4791666666666667,0.9947916666666666,2.088888888888889,1.7327188940092166,1.3798882681564246,0.6111111111111112,0.5069124423963134,1.0670391061452513
137,North Macedonia,UEFA,250,25,7,10,8,21,30,116,48,45,23,164,136,109,19,58,32,109,174,lightgrey,29.599999999999998,45.2,25.2,41.37931034482759,17.431192660550458,28.000000000000004,294,340,1.176,1.36,1.4137931034482758,1.5045871559633028,0.84,1.1724137931034482,1.2477064220183487,1.2
138,Northern Ireland,UEFA,655,36,7,20,9,33,58,252,97,100,55,328,351,367,62,219,86,320,825,lightpink,25.34351145038168,51.7557251908397,22.900763358778626,38.492063492063494,16.893732970027248,19.444444444444446,681,1234,1.0396946564885496,1.883969465648855,1.3015873015873016,0.8937329700272479,0.9166666666666666,1.3928571428571428,0.9564032697547684,1.6111111111111112
139,Norway,UEFA,803,44,15,16,13,60,61,384,160,128,96,636,525,375,120,181,74,513,739,lightsalmon,36.73723536737236,40.473225404732254,22.789539227895393,41.66666666666667,32.0,34.090909090909086,1209,1325,1.5056039850560399,1.6500622665006226,1.65625,1.696,1.3636363636363635,1.3671875,1.4,1.3863636363636365
140,Oman,AFC,452,146,40,67,39,169,219,196,97,50,49,316,169,110,29,55,26,96,181,lightseagreen,36.72566371681416,38.05309734513274,25.221238938053098,49.48979591836735,26.36363636363636,27.397260273972602,581,569,1.2853982300884956,1.258849557522124,1.6122448979591837,2.8727272727272726,1.1575342465753424,0.8622448979591837,1.5363636363636364,1.5
143,Panama,CONCACAF,437,107,29,50,28,145,202,157,73,39,45,224,144,173,34,104,35,144,336,lightskyblue,31.12128146453089,44.16475972540046,24.71395881006865,46.496815286624205,19.653179190751445,27.102803738317753,513,682,1.173913043478261,1.5606407322654463,1.4267515923566878,1.2947976878612717,1.355140186915888,0.9171974522292994,0.8323699421965318,1.8878504672897196
145,Paraguay,CONMEBOL,725,197,82,62,53,319,294,198,101,50,47,303,201,330,74,164,92,330,549,lightslategray,35.44827586206897,38.068965517241374,26.482758620689655,51.010101010101,22.424242424242426,41.62436548223351,952,1044,1.3131034482758621,1.44,1.5303030303030303,0.9181818181818182,1.619289340101523,1.0151515151515151,0.6090909090909091,1.4923857868020305
146,Peru,CONMEBOL,639,174,66,61,47,260,230,237,104,82,51,335,285,228,34,137,57,191,408,lightslategrey,31.92488262910798,43.81846635367762,24.2566510172144,43.88185654008439,14.912280701754385,37.93103448275862,786,923,1.2300469483568075,1.4444444444444444,1.4135021097046414,1.469298245614035,1.4942528735632183,1.2025316455696202,1.25,1.3218390804597702
148,Poland,UEFA,810,97,52,20,25,159,96,351,178,82,91,692,389,362,115,157,90,513,603,lightsteelblue,42.592592592592595,31.97530864197531,25.432098765432098,50.712250712250714,31.767955801104975,53.608247422680414,1364,1088,1.6839506172839507,1.34320987654321,1.9715099715099715,1.9116022099447514,1.6391752577319587,1.1082621082621082,1.074585635359116,0.9896907216494846
149,Portugal,UEFA,627,97,53,22,22,159,87,290,166,50,74,604,267,240,84,103,53,299,366,lightyellow,48.32535885167464,27.91068580542265,23.76395534290271,57.24137931034483,35.0,54.63917525773196,1062,720,1.69377990430622,1.1483253588516746,2.0827586206896553,2.5166666666666666,1.6391752577319587,0.9206896551724137,1.1125,0.8969072164948454
151,Qatar,AFC,545,170,61,56,53,227,216,251,130,66,55,440,238,124,38,66,20,121,184,lime,42.018348623853214,34.4954128440367,23.486238532110093,51.79282868525896,30.64516129032258,35.88235294117647,788,638,1.4458715596330276,1.1706422018348623,1.752988047808765,3.5483870967741935,1.3352941176470587,0.9482071713147411,1.9193548387096775,1.2705882352941176
152,Republic of Ireland,UEFA,578,57,18,19,20,66,73,276,134,67,75,436,266,245,69,105,71,285,370,limegreen,38.23529411764706,33.04498269896194,28.719723183391004,48.55072463768116,28.163265306122447,31.57894736842105,787,709,1.3615916955017302,1.226643598615917,1.5797101449275361,1.779591836734694,1.1578947368421053,0.9637681159420289,1.0857142857142856,1.280701754385965
153,Romania,UEFA,689,80,29,30,21,119,112,286,171,54,61,588,285,323,104,124,95,422,480,linen,44.12191582002903,30.18867924528302,25.689404934687953,59.79020979020979,32.19814241486068,36.25,1129,877,1.6386066763425253,1.2728592162554426,2.055944055944056,1.8204334365325077,1.4875,0.9965034965034965,0.8823529411764706,1.4
154,Russia,UEFA,694,130,73,32,25,223,121,143,80,25,38,264,139,421,202,101,118,711,420,magenta,51.15273775216138,22.76657060518732,26.0806916426513,55.94405594405595,47.980997624703086,56.15384615384615,1198,680,1.7262247838616716,0.9798270893371758,1.8461538461538463,0.6270783847980997,1.7153846153846153,0.972027972027972,0.33016627078384797,0.9307692307692308
158,Saudi Arabia,AFC,624,250,110,83,57,337,283,262,155,51,56,513,226,112,33,50,29,127,157,maroon,47.756410256410255,29.48717948717949,22.756410256410255,59.16030534351145,29.464285714285715,44.0,977,666,1.5657051282051282,1.0673076923076923,1.9580152671755726,4.580357142857143,1.348,0.8625954198473282,2.017857142857143,1.132
159,Scotland,UEFA,789,44,12,19,13,58,63,368,212,81,75,720,364,377,150,145,82,584,548,mediumaquamarine,47.40177439797212,31.05196451204056,21.546261089987325,57.608695652173914,39.787798408488065,27.27272727272727,1362,975,1.726235741444867,1.2357414448669202,1.9565217391304348,1.909814323607427,1.3181818181818181,0.9891304347826086,0.9655172413793104,1.4318181818181819
160,Senegal,CAF,536,170,79,39,52,229,154,168,112,22,34,292,99,198,45,95,58,175,259,mediumblue,44.02985074626866,29.1044776119403,26.865671641791046,66.66666666666666,22.727272727272727,46.470588235294116,696,512,1.2985074626865671,0.9552238805970149,1.7380952380952381,1.4747474747474747,1.3470588235294119,0.5892857142857143,0.5,0.9058823529411765
164,Singapore,AFC,496,154,42,89,23,192,315,217,82,94,41,330,356,125,21,72,32,95,232,mediumorchid,29.233870967741936,51.41129032258065,19.35483870967742,37.78801843317972,16.8,27.27272727272727,617,903,1.2439516129032258,1.8205645161290323,1.5207373271889402,2.64,1.2467532467532467,1.640552995391705,2.848,2.0454545454545454
165,Slovakia,UEFA,305,37,10,16,11,38,48,130,63,33,34,225,133,138,49,61,28,173,208,mediumpurple,40.0,36.0655737704918,23.934426229508198,48.46153846153846,35.507246376811594,27.027027027027028,436,389,1.4295081967213115,1.2754098360655737,1.7307692307692308,1.6304347826086956,1.027027027027027,1.023076923076923,0.9637681159420289,1.2972972972972974
166,Slovenia,UEFA,260,26,5,11,10,30,41,117,55,40,22,175,129,117,32,53,32,117,140,mediumseagreen,35.38461538461539,40.0,24.615384615384617,47.008547008547005,27.350427350427353,19.230769230769234,322,310,1.2384615384615385,1.1923076923076923,1.4957264957264957,1.4957264957264957,1.1538461538461537,1.1025641025641026,1.1025641025641026,1.5769230769230769
169,South Africa,CAF,411,72,23,22,27,90,86,201,105,39,57,267,144,138,50,53,35,181,177,mediumslateblue,43.30900243309003,27.73722627737226,28.953771289537713,52.23880597014925,36.231884057971016,31.944444444444443,538,407,1.3090024330900243,0.9902676399026764,1.328358208955224,1.934782608695652,1.25,0.7164179104477612,1.0434782608695652,1.1944444444444444
171,Spain,UEFA,706,117,67,23,27,216,112,313,220,36,57,756,214,276,124,70,82,449,309,mediumspringgreen,58.21529745042493,18.271954674220964,23.512747875354105,70.28753993610223,44.927536231884055,57.26495726495726,1421,635,2.0127478753541075,0.8994334277620396,2.415335463258786,2.739130434782609,1.8461538461538463,0.6837060702875399,0.7753623188405797,0.9572649572649573
176,Sudan,CAF,394,126,44,45,37,161,156,119,63,34,22,175,122,149,25,85,39,105,251,mediumturquoise,33.50253807106599,41.62436548223351,24.873096446700508,52.94117647058824,16.778523489932887,34.92063492063492,441,529,1.119289340101523,1.3426395939086295,1.4705882352941178,1.174496644295302,1.2777777777777777,1.0252100840336134,0.8187919463087249,1.2380952380952381
178,Sweden,UEFA,1030,109,42,33,34,155,114,453,272,88,93,1089,523,468,194,176,98,788,680,mediumvioletred,49.320388349514566,28.83495145631068,21.844660194174757,60.04415011037527,41.452991452991455,38.53211009174312,2032,1317,1.9728155339805826,1.278640776699029,2.403973509933775,2.326923076923077,1.4220183486238531,1.1545253863134657,1.1175213675213675,1.0458715596330275
179,Switzerland,UEFA,809,61,21,26,14,77,97,391,175,131,85,686,549,357,91,188,78,432,704,midnightblue,35.475896168108775,42.64524103831891,21.878862793572313,44.75703324808184,25.49019607843137,34.42622950819672,1195,1350,1.477132262051916,1.6687268232385661,1.7544757033248082,1.9215686274509804,1.2622950819672132,1.4040920716112533,1.5378151260504203,1.5901639344262295
184,Tanzania,CAF,488,113,35,50,28,147,188,170,63,47,60,201,168,205,24,126,55,169,398,mintcream,25.0,45.69672131147541,29.303278688524593,37.05882352941177,11.707317073170733,30.973451327433626,517,754,1.0594262295081966,1.5450819672131149,1.1823529411764706,0.9804878048780488,1.3008849557522124,0.9882352941176471,0.8195121951219512,1.663716814159292
185,Thailand,AFC,584,201,63,91,47,293,392,261,133,64,64,457,285,122,18,75,29,124,246,mistyrose,36.64383561643836,39.38356164383562,23.972602739726025,50.95785440613027,14.754098360655737,31.343283582089555,874,923,1.4965753424657535,1.5804794520547945,1.7509578544061302,3.7459016393442623,1.4577114427860696,1.0919540229885059,2.3360655737704916,1.9502487562189055
187,Togo,CAF,386,86,26,36,24,102,119,138,69,35,34,193,124,162,24,94,44,117,280,moccasin,30.82901554404145,42.74611398963731,26.42487046632124,50.0,14.814814814814813,30.23255813953488,412,523,1.067357512953368,1.354922279792746,1.3985507246376812,1.191358024691358,1.186046511627907,0.8985507246376812,0.7654320987654321,1.3837209302325582
189,Trinidad and Tobago,CONCACAF,607,103,43,38,22,182,132,247,143,55,49,515,224,257,68,132,57,313,444,navajowhite,41.84514003294893,37.067545304777596,21.087314662273478,57.89473684210527,26.459143968871597,41.74757281553398,1010,800,1.6639209225700164,1.3179571663920921,2.08502024291498,2.0038910505836576,1.766990291262136,0.9068825910931174,0.8715953307392996,1.2815533980582525
190,Tunisia,CAF,577,124,43,38,43,173,149,265,154,44,67,469,204,188,48,84,56,191,250,navy,42.46100519930676,28.769497400346623,28.769497400346623,58.11320754716981,25.53191489361702,34.67741935483871,833,603,1.4436741767764298,1.0450606585788562,1.769811320754717,2.49468085106383,1.3951612903225807,0.769811320754717,1.0851063829787233,1.2016129032258065
191,Turkey,UEFA,577,69,30,26,13,100,90,249,113,73,63,376,294,259,77,115,67,289,427,oldlace,38.128249566724435,37.088388214904676,24.783362218370883,45.38152610441767,29.72972972972973,43.47826086956522,765,811,1.3258232235701906,1.4055459272097053,1.5100401606425702,1.4517374517374517,1.4492753623188406,1.180722891566265,1.135135135135135,1.3043478260869565
195,USA,CONCACAF,696,73,24,37,12,99,122,401,220,91,90,690,392,222,60,119,43,237,403,olive,43.67816091954023,35.48850574712644,20.833333333333336,54.862842892768086,27.027027027027028,32.87671232876712,1026,917,1.4741379310344827,1.3175287356321839,1.7206982543640899,3.108108108108108,1.356164383561644,0.9775561097256857,1.7657657657657657,1.6712328767123288
196,Uganda,CAF,594,187,81,53,53,288,208,201,118,33,50,412,194,206,44,102,60,192,308,olivedrab,40.909090909090914,31.64983164983165,27.441077441077443,58.70646766169154,21.35922330097087,43.31550802139038,892,710,1.5016835016835017,1.1952861952861953,2.0497512437810945,2.0,1.5401069518716577,0.9651741293532339,0.941747572815534,1.1122994652406417
197,Ukraine,UEFA,286,42,21,13,8,61,45,127,70,22,35,199,98,117,38,43,36,137,149,orange,45.10489510489511,27.27272727272727,27.62237762237762,55.118110236220474,32.47863247863248,50.0,397,292,1.3881118881118881,1.020979020979021,1.5669291338582678,1.7008547008547008,1.4523809523809523,0.7716535433070866,0.8376068376068376,1.0714285714285714
198,United Arab Emirates,AFC,525,179,60,74,45,204,242,225,116,53,56,398,237,121,34,58,29,132,182,orangered,40.0,35.23809523809524,24.761904761904763,51.55555555555556,28.09917355371901,33.5195530726257,734,661,1.398095238095238,1.259047619047619,1.768888888888889,3.2892561983471076,1.1396648044692737,1.0533333333333332,1.9586776859504131,1.3519553072625698
199,Uruguay,CONMEBOL,887,222,109,74,39,419,276,292,174,44,74,544,259,373,103,165,105,429,567,orchid,43.51747463359639,31.905298759864714,24.577226606538897,59.589041095890416,27.61394101876676,49.0990990990991,1392,1102,1.5693348365276212,1.2423900789177,1.8630136986301369,1.4584450402144773,1.8873873873873874,0.886986301369863,0.6943699731903485,1.2432432432432432
202,Venezuela,CONMEBOL,386,86,21,47,18,93,171,152,54,56,42,194,219,148,18,102,28,100,350,palegoldenrod,24.093264248704664,53.10880829015544,22.797927461139896,35.526315789473685,12.162162162162163,24.418604651162788,387,740,1.0025906735751295,1.9170984455958548,1.2763157894736843,1.3108108108108107,1.0813953488372092,1.4407894736842106,1.4797297297297298,1.9883720930232558
204,Wales,UEFA,668,28,9,16,3,27,39,314,121,111,82,456,428,326,84,182,60,344,621,palegreen,32.035928143712574,46.25748502994012,21.706586826347305,38.53503184713376,25.766871165644172,32.142857142857146,827,1088,1.2380239520958083,1.6287425149700598,1.4522292993630572,1.3987730061349692,0.9642857142857143,1.3630573248407643,1.312883435582822,1.3928571428571428
206,Yugoslavia,UEFA,471,58,33,14,11,122,69,180,103,43,34,419,230,233,83,100,50,382,428,paleturquoise,46.496815286624205,33.33333333333333,20.169851380042463,57.22222222222222,35.622317596566525,56.896551724137936,923,727,1.959660297239915,1.5435244161358812,2.327777777777778,1.798283261802575,2.103448275862069,1.2777777777777777,0.9871244635193133,1.1896551724137931
207,Zambia,CAF,709,194,82,56,56,273,208,214,130,30,54,423,174,301,105,117,79,369,360,palevioletred,44.71086036671368,28.63187588152327,26.657263751763043,60.747663551401864,34.883720930232556,42.2680412371134,1065,742,1.5021156558533146,1.0465444287729195,1.9766355140186915,1.4053156146179402,1.407216494845361,0.8130841121495327,0.5780730897009967,1.0721649484536082
208,Zimbabwe,CAF,444,106,39,28,39,149,124,145,81,22,42,227,111,193,55,94,44,212,278,papayawhip,39.414414414414416,32.432432432432435,28.153153153153156,55.86206896551724,28.497409326424872,36.79245283018868,588,513,1.3243243243243243,1.1554054054054055,1.5655172413793104,1.1761658031088082,1.4056603773584906,0.7655172413793103,0.5751295336787565,1.169811320754717
