,team,total_matches,neutral_matches,neutral_matches_wins,neutral_matches_losses,neutral_matches_draws,neutral_matches_goal_scored,neutral_matches_goal_conceded,home_matches,home_matches_wins,home_matches_losses,home_matches_draws,home_matches_goal_scored,home_matches_goal_conceded,away_matches,away_matches_wins,away_matches_losses,away_matches_draws,away_matches_goal_scored,away_matches_goal_conceded,color,tot_wins,tot_losses,tot_draws,home_win_rate,away_win_rate,neutral_win_rate,tot_goal_scored,tot_goal_conceded,goal_scored_rate,goal_conceded_rate,home_goal_scored_rate,away_goal_scored_rate,neutral_goal_scored_rate,home_goal_conceded_rate,away_goal_conceded_rate,neutral_goal_conceded_rate
0,Albania,344,23,8,10,5,24,29,160,58,64,38,180,184,161,24,108,29,115,321,aliceblue,26.16279069767442,52.90697674418605,20.930232558139537,36.25,14.906832298136646,34.78260869565217,319,534,0.9273255813953488,1.552325581395349,1.125,1.1180124223602483,1.0434782608695652,1.15,1.1428571428571428,1.2608695652173914
1,Algeria,513,141,57,46,38,200,148,192,122,26,44,383,147,180,41,80,59,147,233,antiquewhite,42.8849902534113,29.629629629629626,27.485380116959064,63.541666666666664,22.77777777777778,40.42553191489361,730,528,1.4230019493177388,1.0292397660818713,1.9947916666666667,2.1277777777777778,1.4184397163120568,0.765625,0.8166666666666667,1.049645390070922
2,Angola,362,85,22,30,33,90,103,125,71,17,37,195,91,152,33,64,55,127,187,aqua,34.806629834254146,30.662983425414364,34.530386740331494,56.8,21.710526315789476,25.882352941176475,412,381,1.138121546961326,1.0524861878453038,1.56,1.2828947368421053,1.0588235294117647,0.728,0.5986842105263158,1.2117647058823529
3,Argentina,996,273,164,53,56,578,290,336,221,31,84,718,259,387,149,129,109,556,492,aquamarine,53.6144578313253,21.385542168674696,25.0,65.77380952380952,38.50129198966408,60.07326007326007,1852,1041,1.859437751004016,1.0451807228915662,2.136904761904762,1.855297157622739,2.1172161172161172,0.7708333333333334,0.6692506459948321,1.0622710622710623
4,Australia,521,116,60,31,25,255,129,217,122,54,41,508,240,188,79,63,46,295,203,azure,50.09596928982726,28.406909788867562,21.497120921305182,56.22119815668203,42.02127659574468,51.724137931034484,1058,572,2.0307101727447217,1.0978886756238004,2.3410138248847927,2.702127659574468,2.1982758620689653,1.1059907834101383,1.2765957446808511,1.1120689655172413
5,Austria,804,45,14,22,9,57,71,401,207,116,78,806,519,358,113,157,88,561,667,beige,41.54228855721393,36.691542288557216,21.766169154228855,51.6209476309227,31.564245810055862,31.11111111111111,1424,1257,1.771144278606965,1.5634328358208955,2.0099750623441395,2.2513966480446927,1.2666666666666666,1.2942643391521198,1.4497206703910615,1.5777777777777777
6,Bahrain,500,195,67,74,54,240,248,179,74,52,53,263,184,126,30,61,35,117,199,bisque,34.2,37.4,28.4,41.340782122905026,23.809523809523807,34.35897435897436,620,631,1.24,1.262,1.4692737430167597,2.0873015873015874,1.2307692307692308,1.0279329608938548,1.4603174603174602,1.2717948717948717
7,Barbados,268,52,16,28,8,79,102,130,53,38,39,182,153,86,20,52,14,87,183,black,33.2089552238806,44.02985074626866,22.761194029850746,40.76923076923077,23.25581395348837,30.76923076923077,348,438,1.2985074626865671,1.6343283582089552,1.4,2.116279069767442,1.5192307692307692,1.176923076923077,1.7790697674418605,1.9615384615384615
8,Belgium,786,71,32,24,15,109,90,379,203,103,73,794,508,336,111,146,79,495,610,blanchedalmond,44.02035623409669,34.73282442748092,21.246819338422394,53.562005277044854,33.035714285714285,45.07042253521127,1398,1208,1.7786259541984732,1.5368956743002544,2.094986807387863,2.363095238095238,1.5352112676056338,1.3403693931398417,1.5119047619047619,1.267605633802817
9,Bolivia,472,127,10,85,32,80,306,164,77,42,45,281,193,181,17,127,37,129,420,blue,22.033898305084744,53.813559322033896,24.152542372881356,46.95121951219512,9.392265193370166,7.874015748031496,490,919,1.0381355932203389,1.9470338983050848,1.7134146341463414,1.5524861878453038,0.6299212598425197,1.1768292682926829,1.0662983425414365,2.409448818897638
10,Botswana,288,43,12,18,13,49,55,134,51,46,37,124,128,111,14,62,35,63,182,blueviolet,26.73611111111111,43.75,29.51388888888889,38.059701492537314,12.612612612612612,27.906976744186046,236,365,0.8194444444444444,1.2673611111111112,0.9253731343283582,1.117117117117117,1.1395348837209303,0.9552238805970149,1.1531531531531531,1.2790697674418605
11,Brazil,999,330,219,56,55,752,300,348,254,23,71,879,265,321,165,80,76,555,338,brown,63.86386386386387,15.915915915915916,20.22022022022022,72.98850574712644,51.4018691588785,66.36363636363637,2186,903,2.1881881881881884,0.9039039039039038,2.5258620689655173,2.7383177570093458,2.278787878787879,0.7614942528735632,0.8255451713395638,0.9090909090909091
12,Bulgaria,685,70,21,30,19,78,115,263,134,68,61,478,301,352,96,165,91,402,599,burlywood,36.64233576642336,38.394160583941606,24.963503649635037,50.950570342205324,27.27272727272727,30.0,958,1015,1.3985401459854014,1.4817518248175183,1.817490494296578,1.3579545454545454,1.1142857142857143,1.144486692015209,0.8551136363636364,1.6428571428571428
13,Burkina Faso,394,95,30,40,25,114,125,118,63,19,36,187,110,181,33,100,48,153,300,cadetblue,31.979695431472084,40.35532994923858,27.66497461928934,53.38983050847458,18.23204419889503,31.57894736842105,454,535,1.1522842639593909,1.3578680203045685,1.5847457627118644,1.0331491712707181,1.2,0.9322033898305084,0.6077348066298343,1.3157894736842106
14,Cameroon,540,187,76,53,58,244,205,146,93,15,38,265,98,207,64,69,74,231,255,chartreuse,43.148148148148145,25.37037037037037,31.48148148148148,63.6986301369863,30.917874396135264,40.64171122994652,740,558,1.3703703703703705,1.0333333333333334,1.8150684931506849,1.2801932367149758,1.304812834224599,0.6712328767123288,0.47342995169082125,1.0962566844919786
15,Canada,392,104,45,35,24,168,118,118,55,41,22,167,140,170,43,86,41,148,273,chocolate,36.47959183673469,41.3265306122449,22.193877551020407,46.61016949152542,25.294117647058822,43.269230769230774,483,531,1.2321428571428572,1.3545918367346939,1.4152542372881356,0.9823529411764705,1.6153846153846154,1.1864406779661016,0.8235294117647058,1.1346153846153846
16,Chile,776,206,70,92,44,271,328,291,165,68,58,580,319,279,60,155,64,252,470,coral,38.01546391752577,40.59278350515464,21.391752577319586,56.70103092783505,21.50537634408602,33.980582524271846,1103,1117,1.4213917525773196,1.4394329896907216,1.993127147766323,2.078853046594982,1.3155339805825244,1.0962199312714778,1.1433691756272402,1.5922330097087378
17,China PR,599,177,88,53,36,353,187,227,136,42,49,489,224,195,66,79,50,247,244,cornflowerblue,48.41402337228715,29.04841402337229,22.537562604340565,59.91189427312775,33.84615384615385,49.717514124293785,1089,655,1.8180300500834725,1.0934891485809684,2.154185022026432,2.5076923076923077,1.9943502824858756,0.986784140969163,1.1487179487179486,1.0564971751412429
18,Colombia,564,202,82,69,51,253,268,159,83,41,35,241,140,203,53,80,70,198,260,cornsilk,38.652482269503544,33.687943262411345,27.659574468085108,52.20125786163522,26.108374384236456,40.5940594059406,692,668,1.2269503546099292,1.1843971631205674,1.5157232704402517,1.187192118226601,1.2524752475247525,0.8805031446540881,0.6896551724137931,1.3267326732673268
19,Congo,379,73,32,27,14,101,93,145,68,36,41,221,148,161,30,88,43,155,276,crimson,34.300791556728235,39.84168865435356,25.857519788918204,46.89655172413793,18.633540372670808,43.83561643835616,477,517,1.2585751978891822,1.3641160949868074,1.5241379310344827,1.3726708074534162,1.3835616438356164,1.0206896551724138,0.9192546583850931,1.273972602739726
20,Costa Rica,618,185,83,56,46,316,212,202,127,29,46,433,156,231,51,115,65,248,360,cyan,42.23300970873786,32.362459546925564,25.40453074433657,62.87128712871287,22.07792207792208,44.86486486486487,997,728,1.6132686084142396,1.1779935275080906,2.1435643564356437,1.8744588744588744,1.7081081081081082,0.7722772277227723,0.6753246753246753,1.145945945945946
21,Croatia,336,58,26,19,13,87,67,134,89,13,32,289,101,144,60,41,43,205,178,darkblue,52.083333333333336,21.726190476190478,26.190476190476193,66.4179104477612,41.66666666666667,44.827586206896555,581,346,1.7291666666666667,1.0297619047619047,2.156716417910448,2.0069444444444446,1.5,0.753731343283582,0.7013888888888888,1.1551724137931034
22,Cyprus,375,7,1,4,2,4,12,208,56,108,44,228,350,160,14,130,16,93,457,darkcyan,18.933333333333334,64.53333333333333,16.53333333333333,26.923076923076923,8.75,14.285714285714285,325,819,0.8666666666666667,2.184,1.0961538461538463,1.425,0.5714285714285714,1.6826923076923077,2.1875,1.7142857142857142
23,Czech Republic,315,53,25,21,7,83,69,124,84,24,16,279,100,138,60,40,38,198,144,darkgoldenrod,53.65079365079365,26.984126984126984,19.365079365079367,67.74193548387096,43.47826086956522,47.16981132075472,560,313,1.7777777777777777,0.9936507936507937,2.25,2.0217391304347827,1.5660377358490567,0.8064516129032258,0.7246376811594203,1.3018867924528301
24,Czechoslovakia,497,45,16,20,9,64,65,194,122,27,45,484,223,258,85,114,59,369,402,darkgray,44.8692152917505,32.3943661971831,22.736418511066397,62.88659793814433,32.945736434108525,35.55555555555556,917,690,1.8450704225352113,1.3883299798792756,2.4948453608247423,1.875968992248062,1.4222222222222223,1.1494845360824741,0.8643410852713178,1.4444444444444444
25,CÃ´te d'Ivoire,571,177,84,50,43,266,200,191,133,18,40,415,141,203,67,74,62,232,249,darkgreen,49.73730297723292,24.86865148861646,25.39404553415061,69.63350785340315,33.004926108374384,47.45762711864407,913,590,1.5989492119089317,1.0332749562171628,2.1727748691099475,2.044334975369458,1.502824858757062,0.7382198952879581,0.6945812807881774,1.1299435028248588
26,Denmark,814,67,26,24,17,93,89,380,213,92,75,843,458,367,129,157,81,523,571,darkgrey,45.20884520884521,33.53808353808354,21.253071253071255,56.05263157894736,35.14986376021799,38.80597014925373,1459,1118,1.7923832923832923,1.3734643734643734,2.218421052631579,2.2970027247956404,1.3880597014925373,1.2052631578947368,1.2479564032697548,1.328358208955224
27,Ecuador,527,174,37,91,46,196,338,167,89,37,41,288,175,186,31,112,43,161,347,darkkhaki,29.79127134724858,45.54079696394687,24.667931688804554,53.293413173652695,16.666666666666664,21.26436781609195,645,860,1.223908918406072,1.6318785578747628,1.7245508982035929,1.5483870967741935,1.1264367816091954,1.0479041916167664,0.9408602150537635,1.9425287356321839
28,Egypt,636,177,86,50,41,307,179,254,167,43,44,521,201,205,58,74,73,199,262,darkmagenta,48.89937106918239,26.257861635220124,24.842767295597483,65.74803149606299,28.292682926829265,48.58757062146893,1027,642,1.6147798742138364,1.009433962264151,2.0511811023622046,2.5414634146341464,1.734463276836158,0.7913385826771654,0.9804878048780488,1.0112994350282485
29,El Salvador,514,207,64,92,51,217,296,152,85,41,26,312,176,155,25,95,35,109,276,darkolivegreen,33.85214007782101,44.3579766536965,21.78988326848249,55.92105263157895,16.129032258064516,30.917874396135264,638,748,1.2412451361867705,1.4552529182879377,2.0526315789473686,2.0129032258064514,1.0483091787439613,1.1578947368421053,1.135483870967742,1.429951690821256
30,England,1029,108,42,33,33,151,112,461,298,63,100,1107,399,460,247,101,112,985,490,darkorange,57.04567541302236,19.14480077745384,23.809523809523807,64.64208242950107,53.69565217391305,38.88888888888889,2243,1001,2.1797862001943633,0.9727891156462585,2.401301518438178,2.4065217391304348,1.3981481481481481,0.8655097613882863,0.8673913043478261,1.037037037037037
31,Estonia,494,50,11,24,15,55,96,210,69,89,52,247,291,234,43,148,43,193,489,darkorchid,24.898785425101213,52.834008097166,22.267206477732792,32.857142857142854,18.37606837606838,22.0,495,876,1.0020242914979758,1.7732793522267207,1.1761904761904762,1.0555555555555556,1.1,1.3857142857142857,1.2435897435897436,1.92
32,Ethiopia,366,79,24,36,19,106,128,168,85,38,45,283,149,119,25,78,16,125,260,darkred,36.6120218579235,41.53005464480874,21.85792349726776,50.595238095238095,21.008403361344538,30.37974683544304,514,537,1.4043715846994536,1.4672131147540983,1.6845238095238095,2.3781512605042017,1.3417721518987342,0.8869047619047619,1.2521008403361344,1.620253164556962
33,Faroe Islands,237,25,10,13,2,38,52,102,23,65,14,100,223,110,11,88,11,61,297,darksalmon,18.565400843881857,70.042194092827,11.39240506329114,22.54901960784314,10.0,40.0,199,572,0.8396624472573839,2.413502109704641,0.9803921568627451,0.9090909090909091,1.52,2.1862745098039214,2.0272727272727273,2.08
34,Finland,761,48,18,20,10,51,52,312,102,149,61,462,619,401,77,239,85,380,914,darkseagreen,25.88699080157687,53.613666228646515,20.49934296977661,32.69230769230769,19.201995012468828,37.5,893,1585,1.173455978975033,2.082785808147175,1.4807692307692308,1.1521197007481296,1.0625,1.983974358974359,1.5436408977556109,1.0833333333333333
35,France,857,96,46,26,24,157,112,440,258,94,88,889,472,321,124,126,71,483,531,darkslateblue,49.941656942823805,28.70478413068845,21.353558926487747,58.63636363636363,38.62928348909657,47.91666666666667,1529,1115,1.7841306884480748,1.3010501750291714,2.0204545454545455,2.769470404984424,1.6354166666666667,1.0727272727272728,1.470404984423676,1.1666666666666667
36,Gabon,362,84,25,28,31,101,101,153,75,30,48,213,114,125,26,73,26,105,194,darkslategray,34.806629834254146,36.187845303867405,29.005524861878452,49.01960784313725,20.8,29.761904761904763,419,409,1.1574585635359116,1.1298342541436464,1.392156862745098,1.704,1.2023809523809523,0.7450980392156863,0.912,1.2023809523809523
37,Germany,967,151,84,34,33,288,182,426,267,71,88,1093,448,390,212,99,79,778,491,darkslategrey,58.221302998965875,21.09617373319545,20.682523267838675,62.676056338028175,54.35897435897436,55.62913907284768,2159,1121,2.232678386763185,1.1592554291623578,2.5657276995305165,2.8025641025641024,1.9072847682119205,1.051643192488263,1.1487179487179486,1.205298013245033
38,Ghana,606,193,93,50,50,274,186,174,113,16,45,379,126,239,82,91,66,328,308,darkturquoise,47.524752475247524,25.90759075907591,26.567656765676567,64.9425287356322,34.30962343096235,48.18652849740933,981,620,1.618811881188119,1.023102310231023,2.17816091954023,1.5857740585774058,1.4196891191709844,0.7241379310344828,0.5271966527196653,0.9637305699481865
39,Greece,577,59,18,29,12,56,94,264,125,79,60,397,303,254,71,109,74,259,401,darkviolet,37.088388214904676,37.60831889081456,25.30329289428076,47.34848484848485,27.95275590551181,30.508474576271187,712,798,1.2339688041594454,1.3830155979202774,1.503787878787879,1.562992125984252,0.9491525423728814,1.1477272727272727,1.1929133858267718,1.5932203389830508
40,Guatemala,456,169,56,64,49,228,226,152,80,35,37,283,159,135,25,79,31,119,231,deeppink,35.30701754385965,39.03508771929825,25.657894736842106,52.63157894736842,18.51851851851852,33.13609467455622,630,616,1.381578947368421,1.3508771929824561,1.861842105263158,2.096296296296296,1.349112426035503,1.0460526315789473,1.1777777777777778,1.3372781065088757
41,Guinea,473,157,54,54,49,207,198,122,81,13,28,237,85,194,38,97,59,195,301,deepskyblue,36.57505285412262,34.6723044397463,28.752642706131077,66.39344262295081,19.587628865979383,34.394904458598724,639,584,1.3509513742071881,1.2346723044397463,1.9426229508196722,1.2216494845360826,1.3184713375796178,0.6967213114754098,0.4381443298969072,1.2611464968152866
42,Haiti,459,143,61,49,33,212,183,165,84,39,42,328,159,151,47,77,27,191,270,dimgray,41.830065359477125,35.947712418300654,22.22222222222222,50.90909090909091,31.125827814569533,42.65734265734265,731,612,1.5925925925925926,1.3333333333333333,1.9878787878787878,2.172185430463576,1.4825174825174825,0.9636363636363636,1.0529801324503312,1.2797202797202798
43,Honduras,526,184,77,60,47,287,225,175,101,26,48,306,125,167,34,87,46,178,298,dimgrey,40.3041825095057,32.88973384030418,26.806083650190114,57.714285714285715,20.35928143712575,41.84782608695652,771,648,1.4657794676806084,1.231939163498099,1.7485714285714287,1.8323353293413174,1.559782608695652,0.7142857142857143,0.7485029940119761,1.2228260869565217
44,Hong Kong,392,148,46,69,33,235,257,139,53,52,34,238,197,105,28,57,20,108,200,dodgerblue,32.39795918367347,45.40816326530612,22.193877551020407,38.1294964028777,26.666666666666668,31.08108108108108,581,654,1.4821428571428572,1.6683673469387754,1.7122302158273381,2.2666666666666666,1.587837837837838,1.4172661870503598,1.8761904761904762,1.7364864864864864
45,Hungary,948,64,30,22,12,134,91,431,244,91,96,1000,524,453,169,182,102,790,798,firebrick,46.729957805907176,31.118143459915608,22.151898734177212,56.61252900232019,37.30684326710817,46.875,1924,1413,2.029535864978903,1.490506329113924,2.320185614849188,2.207505518763797,2.09375,1.2157772621809744,1.1567328918322295,1.421875
46,IR Iran,506,164,76,40,48,286,146,190,132,21,37,456,110,152,71,38,43,207,148,floralwhite,55.13833992094862,19.565217391304348,25.296442687747035,69.47368421052632,46.71052631578947,46.34146341463415,949,404,1.8754940711462451,0.7984189723320159,2.4,3.0,1.7439024390243902,0.5789473684210527,0.7236842105263158,0.8902439024390244
47,Iceland,460,48,13,21,14,43,70,194,81,77,36,266,257,218,49,133,36,241,443,forestgreen,31.08695652173913,50.21739130434783,18.695652173913043,41.75257731958763,22.477064220183486,27.083333333333332,550,770,1.1956521739130435,1.673913043478261,1.3711340206185567,1.2201834862385321,0.8958333333333334,1.324742268041237,1.1788990825688073,1.4583333333333333
48,India,409,170,64,68,38,237,267,129,52,42,35,199,173,110,25,66,19,130,258,fuchsia,34.474327628361856,43.03178484107579,22.493887530562347,40.310077519379846,22.727272727272727,37.64705882352941,566,698,1.3838630806845966,1.706601466992665,1.5426356589147288,1.809090909090909,1.3941176470588235,1.3410852713178294,1.5727272727272728,1.5705882352941176
49,Indonesia,558,236,95,99,42,439,377,187,91,59,37,346,243,135,22,86,27,139,325,gainsboro,37.27598566308244,43.727598566308245,18.996415770609318,48.663101604278076,16.296296296296298,40.25423728813559,924,945,1.6559139784946237,1.6935483870967742,1.8502673796791445,2.562962962962963,1.8601694915254237,1.2994652406417113,1.8,1.597457627118644
50,Israel,439,31,15,10,6,62,40,225,89,77,59,346,290,183,49,93,41,228,313,ghostwhite,34.851936218678816,41.00227790432802,24.145785876993166,39.55555555555556,26.775956284153008,48.38709677419355,636,643,1.44874715261959,1.4646924829157175,1.5377777777777777,1.8907103825136613,2.0,1.288888888888889,1.5846994535519126,1.2903225806451613
51,Italy,820,141,61,35,45,189,154,377,253,32,92,818,277,302,124,86,92,410,353,gold,53.41463414634147,18.658536585365855,27.926829268292686,67.10875331564988,41.05960264900662,43.262411347517734,1417,784,1.7280487804878049,0.9560975609756097,2.169761273209549,2.7086092715231787,1.3404255319148937,0.7347480106100795,0.9172185430463576,1.0921985815602837
52,Jamaica,572,143,51,55,37,176,190,218,117,48,53,376,199,211,56,115,40,213,369,goldenrod,39.16083916083916,38.111888111888106,22.727272727272727,53.669724770642205,26.540284360189574,35.66433566433567,765,758,1.3374125874125875,1.3251748251748252,1.724770642201835,1.7819905213270142,1.2307692307692308,0.9128440366972477,0.943127962085308,1.3286713286713288
53,Japan,635,224,102,70,52,426,288,259,148,54,57,507,247,152,58,60,34,200,190,gray,48.503937007874015,28.976377952755904,22.51968503937008,57.14285714285714,38.15789473684211,45.535714285714285,1133,725,1.784251968503937,1.141732283464567,1.9575289575289576,3.335526315789474,1.9017857142857142,0.9536679536679536,1.625,1.2857142857142858
54,Jordan,406,116,43,38,35,147,124,160,70,37,53,228,119,130,30,67,33,115,194,green,35.221674876847295,34.97536945812808,29.802955665024633,43.75,23.076923076923077,37.06896551724138,490,437,1.206896551724138,1.0763546798029557,1.425,1.7538461538461538,1.2672413793103448,0.74375,0.9153846153846154,1.0689655172413792
55,Kenya,650,168,73,59,36,265,216,246,129,55,62,405,267,236,45,128,63,238,401,greenyellow,38.0,37.230769230769226,24.76923076923077,52.4390243902439,19.06779661016949,43.452380952380956,908,884,1.396923076923077,1.36,1.646341463414634,1.7161016949152543,1.5773809523809523,1.0853658536585367,1.13135593220339,1.2857142857142858
56,Korea Republic,868,358,178,83,97,616,361,304,188,47,69,603,195,206,92,58,56,309,229,grey,52.764976958525345,21.658986175115206,25.57603686635945,61.8421052631579,44.66019417475729,49.72067039106145,1528,785,1.76036866359447,0.9043778801843319,1.9835526315789473,2.9271844660194173,1.7206703910614525,0.6414473684210527,0.9466019417475728,1.0083798882681565
57,Kuwait,572,205,94,56,55,336,208,226,106,59,61,387,209,141,38,63,40,157,204,honeydew,41.60839160839161,31.11888111888112,27.27272727272727,46.902654867256636,26.95035460992908,45.85365853658537,880,621,1.5384615384615385,1.0856643356643356,1.7123893805309736,2.74468085106383,1.6390243902439023,0.9247787610619469,1.4822695035460993,1.0146341463414634
58,Latvia,410,51,18,19,14,64,61,160,58,64,38,211,232,199,41,113,45,223,388,hotpink,28.536585365853657,47.80487804878049,23.65853658536585,36.25,20.603015075376884,35.294117647058826,498,681,1.2146341463414634,1.6609756097560975,1.31875,1.0603015075376885,1.2549019607843137,1.45,1.1658291457286432,1.196078431372549
59,Lebanon,280,69,18,36,15,78,117,116,40,34,42,174,140,95,19,54,22,71,174,indianred,27.500000000000004,44.285714285714285,28.214285714285715,34.48275862068966,20.0,26.08695652173913,323,431,1.1535714285714285,1.5392857142857144,1.5,1.831578947368421,1.1304347826086956,1.206896551724138,1.4736842105263157,1.6956521739130435
60,Lesotho,257,50,12,26,12,53,82,101,22,34,45,84,106,106,13,69,24,71,223,indigo,18.28793774319066,50.19455252918288,31.517509727626457,21.782178217821784,12.264150943396226,24.0,208,411,0.8093385214007782,1.5992217898832686,0.8316831683168316,0.7924528301886793,1.06,1.0495049504950495,1.0,1.64
61,Liberia,250,30,8,19,3,30,41,116,51,29,36,133,103,104,10,76,18,59,206,ivory,27.6,49.6,22.8,43.96551724137931,9.615384615384617,26.666666666666668,222,350,0.888,1.4,1.146551724137931,1.2788461538461537,1.0,0.8879310344827587,0.9903846153846154,1.3666666666666667
62,Libya,341,85,33,24,28,123,82,127,73,22,32,223,116,129,17,86,26,83,216,khaki,36.070381231671554,38.70967741935484,25.219941348973606,57.48031496062992,13.178294573643413,38.82352941176471,429,414,1.2580645161290323,1.2140762463343109,1.7559055118110236,1.7286821705426356,1.4470588235294117,0.9133858267716536,0.8992248062015504,0.9647058823529412
63,Lithuania,381,50,16,21,13,60,84,137,49,60,28,159,190,194,39,125,30,177,417,lavender,27.296587926509186,54.06824146981627,18.635170603674542,35.76642335766424,20.103092783505154,32.0,396,691,1.0393700787401574,1.8136482939632546,1.1605839416058394,0.8195876288659794,1.2,1.3868613138686132,0.979381443298969,1.68
64,Luxembourg,415,14,2,11,1,9,33,226,26,165,35,158,527,175,10,149,16,87,552,lavenderblush,9.156626506024097,78.3132530120482,12.530120481927712,11.504424778761061,5.714285714285714,14.285714285714285,254,1112,0.6120481927710844,2.6795180722891567,0.6991150442477876,0.9028571428571428,0.6428571428571429,2.331858407079646,3.0114285714285716,2.357142857142857
65,Malawi,574,108,48,27,33,146,104,266,116,70,80,363,260,200,36,110,54,176,365,lawngreen,34.84320557491289,36.062717770034844,29.094076655052266,43.609022556390975,18.0,44.44444444444444,685,729,1.1933797909407666,1.2700348432055748,1.3646616541353382,1.815,1.3518518518518519,0.9774436090225563,1.3,0.9629629629629629
66,Malaysia,606,206,81,73,52,353,318,224,98,69,57,386,269,176,32,103,41,171,342,lemonchiffon,34.81848184818482,40.42904290429043,24.752475247524753,43.75,18.181818181818183,39.32038834951456,910,929,1.5016501650165017,1.533003300330033,1.7232142857142858,2.1931818181818183,1.7135922330097086,1.2008928571428572,1.5284090909090908,1.5436893203883495
67,Mali,505,159,65,53,41,213,181,155,88,26,41,249,119,191,47,96,48,178,280,lightblue,39.603960396039604,34.65346534653465,25.742574257425744,56.774193548387096,24.60732984293194,40.88050314465409,640,580,1.2673267326732673,1.1485148514851484,1.6064516129032258,1.3036649214659686,1.3396226415094339,0.7677419354838709,0.6230366492146597,1.1383647798742138
68,Malta,410,24,6,15,3,20,55,219,35,137,47,176,390,167,10,136,21,62,492,lightcoral,12.439024390243903,70.24390243902438,17.317073170731707,15.981735159817351,5.9880239520958085,25.0,258,937,0.6292682926829268,2.2853658536585364,0.8036529680365296,1.0538922155688624,0.8333333333333334,1.7808219178082192,2.3353293413173652,2.2916666666666665
69,Mexico,888,391,198,106,87,641,416,267,178,33,56,631,212,230,75,94,61,273,319,lightcyan,50.788288288288285,26.238738738738736,22.972972972972975,66.66666666666666,32.608695652173914,50.63938618925832,1545,947,1.739864864864865,1.0664414414414414,2.363295880149813,2.743478260869565,1.639386189258312,0.7940074906367042,0.9217391304347826,1.0639386189258313
70,Morocco,541,124,51,31,42,164,107,235,149,32,54,418,141,182,51,67,64,175,204,lightgoldenrodyellow,46.39556377079482,24.029574861367838,29.57486136783734,63.40425531914894,28.021978021978022,41.12903225806452,757,452,1.399260628465804,0.8354898336414048,1.778723404255319,2.2967032967032965,1.3225806451612903,0.6,0.7747252747252747,0.8629032258064516
71,Mozambique,320,58,15,32,11,45,87,128,65,28,35,190,111,134,25,75,34,105,207,lightgray,32.8125,42.1875,25.0,50.78125,18.65671641791045,25.862068965517242,340,405,1.0625,1.265625,1.484375,1.4179104477611941,0.7758620689655172,0.8671875,0.8283582089552238,1.5
72,Netherlands,802,91,49,18,24,166,81,378,220,73,85,923,392,333,139,122,72,564,514,lightgreen,50.87281795511222,26.55860349127182,22.568578553615957,58.201058201058196,41.74174174174174,53.84615384615385,1653,987,2.061097256857855,1.2306733167082293,2.441798941798942,2.7717717717717716,1.8241758241758241,1.037037037037037,1.177177177177177,0.8901098901098901
73,New Zealand,362,84,30,40,14,117,128,114,63,31,20,270,156,164,53,80,31,232,286,lightgrey,40.331491712707184,41.71270718232044,17.955801104972377,55.26315789473685,32.31707317073171,35.714285714285715,619,570,1.7099447513812154,1.574585635359116,2.3684210526315788,1.646341463414634,1.3928571428571428,1.368421052631579,0.9512195121951219,1.5238095238095237
74,Nigeria,583,179,80,55,44,247,191,181,122,13,46,378,110,223,67,78,78,236,285,lightpink,46.14065180102916,25.04288164665523,28.81646655231561,67.40331491712708,30.04484304932735,44.6927374301676,861,586,1.476843910806175,1.0051457975986278,2.088397790055249,1.695067264573991,1.3798882681564246,0.6077348066298343,0.49327354260089684,1.0670391061452513
75,North Macedonia,251,25,7,10,8,21,30,116,48,45,23,164,136,110,19,58,33,110,175,lightsalmon,29.482071713147413,45.0199203187251,25.49800796812749,41.37931034482759,17.272727272727273,28.000000000000004,295,341,1.1752988047808766,1.3585657370517927,1.4137931034482758,1.490909090909091,0.84,1.1724137931034482,1.2363636363636363,1.2
76,Northern Ireland,656,36,7,20,9,33,58,252,97,100,55,328,351,368,63,219,86,322,825,lightseagreen,25.45731707317073,51.67682926829268,22.865853658536587,38.492063492063494,17.119565217391305,19.444444444444446,683,1234,1.041158536585366,1.8810975609756098,1.3015873015873016,0.8913043478260869,0.9166666666666666,1.3928571428571428,0.9538043478260869,1.6111111111111112
77,Norway,816,44,15,16,13,60,61,389,161,131,97,645,537,383,123,185,75,523,750,lightskyblue,36.6421568627451,40.68627450980392,22.67156862745098,41.38817480719794,32.114882506527415,34.090909090909086,1228,1348,1.5049019607843137,1.6519607843137254,1.6580976863753214,1.6840731070496084,1.3636363636363635,1.3804627249357326,1.402088772845953,1.3863636363636365
78,Oman,458,149,42,68,39,174,221,198,99,50,49,320,169,111,31,54,26,101,180,lightslategray,37.55458515283843,37.55458515283843,24.890829694323145,50.0,27.927927927927925,28.187919463087248,595,570,1.2991266375545851,1.244541484716157,1.6161616161616161,2.8828828828828827,1.167785234899329,0.8535353535353535,1.5225225225225225,1.483221476510067
79,Panama,443,111,32,51,28,153,206,158,73,39,46,224,144,174,35,104,35,146,336,lightslategrey,31.60270880361174,43.792325056433405,24.604966139954854,46.20253164556962,20.114942528735632,28.82882882882883,523,686,1.18058690744921,1.5485327313769752,1.4177215189873418,1.2873563218390804,1.3783783783783783,0.9113924050632911,0.8275862068965517,1.8558558558558558
80,Paraguay,729,197,82,62,53,319,294,198,101,50,47,303,201,334,76,164,94,336,551,lightsteelblue,35.5281207133059,37.86008230452675,26.611796982167352,51.010101010101,22.75449101796407,41.62436548223351,958,1046,1.3141289437585735,1.4348422496570645,1.5303030303030303,0.907185628742515,1.619289340101523,1.0151515151515151,0.6017964071856288,1.4923857868020305
81,Peru,640,175,66,62,47,260,235,237,104,82,51,335,285,228,34,137,57,191,409,lightyellow,31.874999999999996,43.90625,24.21875,43.88185654008439,14.912280701754385,37.714285714285715,786,929,1.228125,1.4515625,1.4135021097046414,1.469298245614035,1.4857142857142858,1.2025316455696202,1.25,1.3428571428571427
82,Poland,832,97,52,20,25,159,96,365,185,84,96,716,406,370,119,160,91,523,617,lime,42.78846153846153,31.73076923076923,25.48076923076923,50.68493150684932,32.16216216216216,53.608247422680414,1398,1119,1.6802884615384615,1.3449519230769231,1.9616438356164383,1.9351351351351351,1.6391752577319587,1.1123287671232878,1.0972972972972972,0.9896907216494846
83,Portugal,630,97,53,22,22,159,87,292,167,51,74,608,272,241,85,103,53,301,366,limegreen,48.41269841269841,27.936507936507937,23.65079365079365,57.1917808219178,35.26970954356847,54.63917525773196,1068,725,1.6952380952380952,1.1507936507936507,2.0821917808219177,2.5228215767634854,1.6391752577319587,0.9315068493150684,1.1286307053941909,0.8969072164948454
84,Qatar,548,174,64,57,53,234,218,251,129,66,56,439,238,123,37,66,20,117,184,linen,41.97080291970803,34.48905109489051,23.54014598540146,51.39442231075697,30.081300813008134,36.7816091954023,790,640,1.4416058394160585,1.167883211678832,1.749003984063745,3.569105691056911,1.3448275862068966,0.9482071713147411,1.934959349593496,1.2528735632183907
85,Republic of Ireland,578,57,18,19,20,66,73,276,134,67,75,436,266,245,69,105,71,285,370,magenta,38.23529411764706,33.04498269896194,28.719723183391004,48.55072463768116,28.163265306122447,31.57894736842105,787,709,1.3615916955017302,1.226643598615917,1.5797101449275361,1.779591836734694,1.1578947368421053,0.9637681159420289,1.0857142857142856,1.280701754385965
86,Romania,706,80,29,30,21,119,112,293,175,55,63,601,294,333,105,131,97,434,502,maroon,43.76770538243626,30.59490084985836,25.63739376770538,59.72696245733788,31.53153153153153,36.25,1154,908,1.6345609065155808,1.2861189801699717,2.051194539249147,1.8048048048048049,1.4875,1.0034129692832765,0.8828828828828829,1.4
87,Russia,710,131,74,32,25,226,121,143,80,25,38,264,139,436,208,105,123,729,434,mediumaquamarine,50.985915492957744,22.816901408450704,26.197183098591548,55.94405594405595,47.706422018348626,56.48854961832062,1219,694,1.7169014084507042,0.9774647887323944,1.8461538461538463,0.6055045871559633,1.7251908396946565,0.972027972027972,0.31880733944954126,0.9236641221374046
88,Saudi Arabia,631,253,112,84,57,342,284,265,158,51,56,528,226,113,34,50,29,137,157,mediumblue,48.17749603803487,29.318541996830426,22.503961965134707,59.62264150943396,30.08849557522124,44.26877470355731,1007,667,1.5958795562599049,1.057052297939778,1.9924528301886792,4.672566371681416,1.3517786561264822,0.8528301886792453,2.0,1.1225296442687747
89,Scotland,795,44,12,19,13,58,63,372,214,82,76,725,365,379,150,147,82,585,551,mediumorchid,47.29559748427673,31.19496855345912,21.50943396226415,57.52688172043011,39.577836411609496,27.27272727272727,1368,979,1.7207547169811321,1.231446540880503,1.9489247311827957,1.912928759894459,1.3181818181818181,0.9811827956989247,0.9630606860158312,1.4318181818181819
90,Senegal,540,172,80,39,53,233,157,169,112,22,35,293,100,199,46,95,58,179,260,mediumpurple,44.074074074074076,28.888888888888886,27.037037037037038,66.27218934911244,23.115577889447238,46.51162790697674,705,517,1.3055555555555556,0.9574074074074074,1.7337278106508875,1.4723618090452262,1.3546511627906976,0.591715976331361,0.5025125628140703,0.9127906976744186
91,Sierra Leone,256,44,18,11,15,47,47,100,52,21,27,130,78,112,8,83,21,65,222,mediumseagreen,30.46875,44.921875,24.609375,52.0,7.142857142857142,40.909090909090914,242,347,0.9453125,1.35546875,1.3,1.1607142857142858,1.0681818181818181,0.78,0.6964285714285714,1.0681818181818181
92,Singapore,560,194,51,111,32,255,422,235,94,97,44,375,378,131,23,75,33,102,241,mediumslateblue,30.0,50.535714285714285,19.464285714285715,40.0,17.557251908396946,26.288659793814436,732,1041,1.3071428571428572,1.8589285714285715,1.5957446808510638,2.8625954198473282,1.3144329896907216,1.6085106382978724,2.885496183206107,2.1752577319587627
93,Slovakia,305,37,10,16,11,38,48,130,63,33,34,225,133,138,49,61,28,173,208,mediumspringgreen,40.0,36.0655737704918,23.934426229508198,48.46153846153846,35.507246376811594,27.027027027027028,436,389,1.4295081967213115,1.2754098360655737,1.7307692307692308,1.6304347826086956,1.027027027027027,1.023076923076923,0.9637681159420289,1.2972972972972974
94,Slovenia,260,26,5,11,10,30,41,117,55,40,22,175,129,117,32,53,32,117,140,mediumturquoise,35.38461538461539,40.0,24.615384615384617,47.008547008547005,27.350427350427353,19.230769230769234,322,310,1.2384615384615385,1.1923076923076923,1.4957264957264957,1.4957264957264957,1.1538461538461537,1.1025641025641026,1.1025641025641026,1.5769230769230769
95,South Africa,418,76,25,22,29,98,89,203,108,39,56,273,144,139,52,53,34,186,177,mediumvioletred,44.25837320574163,27.27272727272727,28.4688995215311,53.20197044334976,37.410071942446045,32.89473684210527,557,410,1.332535885167464,0.9808612440191388,1.3448275862068966,1.9640287769784173,1.2894736842105263,0.7093596059113301,1.0359712230215827,1.1710526315789473
96,Spain,713,117,67,23,27,216,112,319,223,38,58,772,218,277,124,70,83,449,309,midnightblue,58.06451612903226,18.37307152875175,23.56241234221599,69.90595611285266,44.765342960288805,57.26495726495726,1437,639,2.015427769985975,0.8962131837307152,2.420062695924765,2.7870036101083033,1.8461538461538463,0.6833855799373041,0.7870036101083032,0.9572649572649573
97,Sudan,404,132,44,47,41,165,163,122,65,35,22,183,124,150,27,85,38,108,252,mintcream,33.663366336633665,41.336633663366335,25.0,53.278688524590166,18.0,33.33333333333333,456,539,1.1287128712871286,1.3341584158415842,1.5,1.22,1.25,1.0163934426229508,0.8266666666666667,1.2348484848484849
98,Suriname,355,74,27,28,19,145,124,114,73,21,20,292,119,167,57,68,42,254,266,mistyrose,44.225352112676056,32.95774647887324,22.816901408450704,64.03508771929825,34.13173652694611,36.486486486486484,691,509,1.9464788732394367,1.4338028169014085,2.56140350877193,1.748502994011976,1.9594594594594594,1.043859649122807,0.7125748502994012,1.6756756756756757
99,Sweden,1036,110,43,33,34,159,115,456,272,90,94,1091,527,470,195,177,98,790,684,moccasin,49.22779922779923,28.957528957528954,21.814671814671815,59.64912280701754,41.48936170212766,39.09090909090909,2040,1326,1.9691119691119692,1.27992277992278,2.392543859649123,2.321276595744681,1.4454545454545455,1.155701754385965,1.1212765957446809,1.0454545454545454
100,Switzerland,815,61,21,26,14,77,97,393,175,132,86,686,551,361,91,191,79,436,716,navajowhite,35.21472392638037,42.82208588957055,21.96319018404908,44.529262086513995,25.20775623268698,34.42622950819672,1199,1364,1.471165644171779,1.6736196319018406,1.7455470737913485,1.9002770083102494,1.2622950819672132,1.4020356234096691,1.5263157894736843,1.5901639344262295
101,Tanzania,536,137,47,59,31,188,218,178,68,48,62,218,173,221,33,127,61,197,417,navy,27.611940298507463,43.656716417910445,28.73134328358209,38.20224719101123,14.93212669683258,34.306569343065696,603,808,1.125,1.507462686567164,1.2247191011235956,0.9864253393665159,1.3722627737226278,0.9719101123595506,0.7828054298642534,1.5912408759124088
102,Thailand,644,233,71,108,54,352,446,278,145,66,67,499,296,133,21,83,29,135,270,oldlace,36.80124223602485,39.90683229813665,23.29192546583851,52.15827338129496,15.789473684210526,30.472103004291846,986,1012,1.531055900621118,1.5714285714285714,1.7949640287769784,3.7518796992481205,1.5107296137339057,1.064748201438849,2.225563909774436,1.9141630901287554
103,Togo,391,89,27,38,24,109,122,138,69,35,34,193,124,164,24,96,44,119,284,olive,30.69053708439898,43.22250639386189,26.08695652173913,50.0,14.634146341463413,30.337078651685395,421,530,1.0767263427109974,1.3554987212276215,1.3985507246376812,1.1768292682926829,1.2247191011235956,0.8985507246376812,0.7560975609756098,1.3707865168539326
104,Trinidad and Tobago,676,120,51,44,25,212,152,268,156,57,55,567,249,288,86,139,63,371,483,olivedrab,43.34319526627219,35.50295857988166,21.153846153846153,58.2089552238806,29.86111111111111,42.5,1150,884,1.7011834319526626,1.3076923076923077,2.1156716417910446,1.96875,1.7666666666666666,0.9291044776119403,0.8645833333333334,1.2666666666666666
105,Tunisia,588,125,44,38,43,175,149,269,155,47,67,470,213,194,49,86,59,200,261,orange,42.17687074829932,29.081632653061224,28.741496598639454,57.62081784386617,25.257731958762886,35.199999999999996,845,623,1.4370748299319729,1.0595238095238095,1.7472118959107807,2.422680412371134,1.4,0.79182156133829,1.097938144329897,1.192
106,Turkey,584,69,30,26,13,100,90,253,116,74,63,388,298,262,79,115,68,293,428,orangered,38.52739726027397,36.81506849315068,24.65753424657534,45.8498023715415,30.15267175572519,43.47826086956522,781,816,1.3373287671232876,1.3972602739726028,1.533596837944664,1.4809160305343512,1.4492753623188406,1.1778656126482214,1.1374045801526718,1.3043478260869565
107,USA,701,73,24,37,12,99,122,405,224,91,90,702,395,223,60,120,43,239,406,orchid,43.93723252496434,35.37803138373752,20.684736091298145,55.30864197530864,26.905829596412556,32.87671232876712,1040,923,1.4835948644793153,1.3166904422253922,1.7333333333333334,3.1479820627802693,1.356164383561644,0.9753086419753086,1.7713004484304933,1.6712328767123288
108,Uganda,627,207,93,56,58,321,222,209,124,34,51,442,198,211,49,102,60,204,312,palegoldenrod,42.42424242424242,30.62200956937799,26.953748006379584,59.33014354066985,23.22274881516588,44.927536231884055,967,732,1.5422647527910687,1.167464114832536,2.1148325358851676,2.09478672985782,1.5507246376811594,0.9473684210526315,0.9383886255924171,1.0724637681159421
109,Ukraine,286,42,21,13,8,61,45,127,70,22,35,199,98,117,38,43,36,137,149,palegreen,45.10489510489511,27.27272727272727,27.62237762237762,55.118110236220474,32.47863247863248,50.0,397,292,1.3881118881118881,1.020979020979021,1.5669291338582678,1.7008547008547008,1.4523809523809523,0.7716535433070866,0.8376068376068376,1.0714285714285714
110,United Arab Emirates,531,184,64,75,45,220,246,225,117,52,56,401,235,122,35,58,29,144,182,paleturquoise,40.67796610169492,34.83992467043315,24.48210922787194,52.0,28.688524590163933,34.78260869565217,765,663,1.4406779661016949,1.2485875706214689,1.7822222222222222,3.2868852459016393,1.1956521739130435,1.0444444444444445,1.9262295081967213,1.3369565217391304
111,Uruguay,898,222,109,74,39,419,276,296,175,46,75,548,265,380,104,169,107,441,580,palevioletred,43.207126948775056,32.1826280623608,24.610244988864142,59.12162162162162,27.368421052631582,49.0990990990991,1408,1121,1.5679287305122493,1.2483296213808464,1.8513513513513513,1.4421052631578948,1.8873873873873874,0.8952702702702703,0.6973684210526315,1.2432432432432432
112,Uzbekistan,284,75,34,25,16,120,98,100,60,18,22,213,64,109,30,59,20,131,174,papayawhip,43.66197183098591,35.91549295774648,20.422535211267608,60.0,27.522935779816514,45.33333333333333,464,336,1.6338028169014085,1.1830985915492958,2.13,1.9541284403669725,1.6,0.64,0.5871559633027523,1.3066666666666666
113,Venezuela,393,86,21,47,18,93,171,153,54,57,42,197,223,154,19,106,29,108,365,peachpuff,23.918575063613233,53.43511450381679,22.646310432569976,35.294117647058826,12.337662337662337,24.418604651162788,398,759,1.0127226463104326,1.9312977099236641,1.2875816993464053,1.2792207792207793,1.0813953488372092,1.457516339869281,1.448051948051948,1.9883720930232558
114,Wales,673,28,9,16,3,27,39,316,122,112,82,461,432,329,85,184,60,347,625,peru,32.09509658246657,46.35958395245171,21.545319465081725,38.607594936708864,25.835866261398177,32.142857142857146,835,1096,1.2407132243684993,1.6285289747399703,1.4588607594936709,1.4012158054711246,0.9642857142857143,1.3670886075949367,1.3130699088145896,1.3928571428571428
115,Yugoslavia,481,58,33,14,11,122,69,183,104,44,35,423,233,240,86,102,52,395,438,pink,46.36174636174636,33.264033264033266,20.374220374220375,56.830601092896174,35.833333333333336,56.896551724137936,940,740,1.9542619542619544,1.5384615384615385,2.3114754098360657,1.7625,2.103448275862069,1.273224043715847,0.9708333333333333,1.1896551724137931
116,Zambia,735,202,87,57,58,295,212,222,137,30,55,459,179,311,111,119,81,394,369,plum,45.57823129251701,28.027210884353742,26.39455782312925,61.711711711711715,35.69131832797427,43.06930693069307,1148,760,1.561904761904762,1.034013605442177,2.0675675675675675,1.4758842443729903,1.4603960396039604,0.8063063063063063,0.5755627009646302,1.0495049504950495
117,Zimbabwe,466,113,44,28,41,162,130,151,85,24,42,241,120,202,62,94,46,231,281,powderblue,40.987124463519315,31.330472103004293,27.682403433476395,56.29139072847682,30.693069306930692,38.93805309734513,634,531,1.3605150214592274,1.1394849785407726,1.596026490066225,1.193069306930693,1.4336283185840708,0.7947019867549668,0.594059405940594,1.1504424778761062
